review,label
I absolutely love this product! It exceeded my expectations.,positive
This is the worst purchase I've ever made. Terrible quality.,negative
"The item is okay, nothing special but gets the job done.",neutral
Amazing service and fast delivery. Highly recommend!,positive
"Disappointed with the color, not as shown in the picture.",negative
"Pretty good for the price, would buy again.",positive
"Absolutely horrible experience, never buying again.",negative
"Neutral feelings about this, average product.",neutral
Fantastic! Best thing ever.,positive
Complete waste of money.,negative
I had high hopes but it broke after one week. Poor durability.,negative
The customer support was excellent and resolved my issue quickly.,positive
"It's mediocre at best, not worth the hype.",neutral
This changed my life for the better. Highly recommended!,positive
"Terrible packaging, product arrived damaged.",negative